step,total,pde,ic,bc,bc_monitor,data,rmse_data,grad_norm,elapsed_s,val_total,val_pde,val_ic,val_bc,val_data,val_rmse_data,gen_gap_rmse_data
1,3.6966443061828613,0.008017334155738354,0.6920555830001831,1.7146313190460205,0.0,1.2819398641586304,1.132227832266382,36.31611344909798,0.29648923873901367,2.146937370300293,0.011289916932582855,0.22418634593486786,1.400293231010437,0.5111678242683411,0.7149600158528735,-0.4172678164135084
2,2.044983386993408,0.011582151986658573,0.22418634593486786,1.2406647205352783,0.0,0.568550169467926,0.7540226584579047,19.834790590539463,0.799471378326416,nan,nan,nan,nan,nan,nan,nan
3,1.3693530559539795,0.015704680234193802,0.0617380253970623,1.0803585052490234,0.0,0.21155185997486115,0.4599476709092689,6.3977362069097286,1.0467309951782227,nan,nan,nan,nan,nan,nan,nan
4,1.3783748149871826,0.01937601901590824,0.11466896533966064,1.1334346532821655,0.0,0.11089516431093216,0.3330092555934927,9.778830768923369,1.3127233982086182,nan,nan,nan,nan,nan,nan,nan
5,1.5901535749435425,0.02170199155807495,0.21950525045394897,1.2260576486587524,0.0,0.12288864701986313,0.3505547703567349,16.130053329260324,1.5537168979644775,nan,nan,nan,nan,nan,nan,nan
6,1.6644492149353027,0.022640027105808258,0.2630278468132019,1.2455308437347412,0.0,0.13325048983097076,0.36503491590664416,18.013552198113032,1.8507080078125,nan,nan,nan,nan,nan,nan,nan
7,1.5519756078720093,0.022495532408356667,0.23319637775421143,1.1862819194793701,0.0,0.11000179499387741,0.3316651850795881,16.599299815370824,2.099700927734375,nan,nan,nan,nan,nan,nan,nan
8,1.356008529663086,0.021537696942687035,0.1649433672428131,1.0889393091201782,0.0,0.08058809489011765,0.28388042357675464,12.960986066899896,2.3626935482025146,nan,nan,nan,nan,nan,nan,nan
9,1.183754563331604,0.020008204504847527,0.0975634977221489,0.9961535334587097,0.0,0.0700293779373169,0.2646306443655324,8.191810885002429,2.6036863327026367,nan,nan,nan,nan,nan,nan,nan
10,1.0938791036605835,0.018165934830904007,0.05614196136593819,0.9341005086898804,0.0,0.08547066152095795,0.2923536582992557,3.9970003778548757,2.8176803588867188,nan,nan,nan,nan,nan,nan,nan
11,1.1074286699295044,0.01630416326224804,0.04549172893166542,0.9071837663650513,0.0,0.1384490430355072,0.3720874131645778,4.596931285047436,3.0536742210388184,nan,nan,nan,nan,nan,nan,nan
12,1.1621769666671753,0.014680885709822178,0.05383653566241264,0.9019173979759216,0.0,0.19174207746982574,0.43788363462206,7.724657426056179,3.27266788482666,nan,nan,nan,nan,nan,nan,nan
13,1.2104171514511108,0.013450388796627522,0.06373521685600281,0.8983145356178284,0.0,0.23491701483726501,0.4846823855240306,9.865406922468722,3.4726617336273193,nan,nan,nan,nan,nan,nan,nan
14,1.203906536102295,0.012658355757594109,0.0633474662899971,0.8821085691452026,0.0,0.24579209089279175,0.4957742337927534,10.573713938426847,3.665656566619873,nan,nan,nan,nan,nan,nan,nan
15,1.1403348445892334,0.012283516116440296,0.05126109719276428,0.8501965403556824,0.0,0.22659362852573395,0.47601851699879694,9.823970724639093,3.8676509857177734,nan,nan,nan,nan,nan,nan,nan
16,1.0334300994873047,0.012265102006494999,0.034284673631191254,0.8088067770004272,0.0,0.17807354032993317,0.4219876068440081,7.860759832196044,4.078645706176758,nan,nan,nan,nan,nan,nan,nan
17,0.9301146864891052,0.01251236256211996,0.02223925292491913,0.7682214975357056,0.0,0.12714160978794098,0.3565692215937054,5.220581314322214,4.276640892028809,nan,nan,nan,nan,nan,nan,nan
18,0.8597273230552673,0.012924771755933762,0.022733990103006363,0.7371518015861511,0.0,0.0869167372584343,0.2948164467230997,2.4988159953721585,4.464634895324707,nan,nan,nan,nan,nan,nan,nan
19,0.8294773101806641,0.013379890471696854,0.03751809522509575,0.7190096378326416,0.0,0.059569697827100754,0.24406904315603148,2.3623026882560114,4.64362907409668,nan,nan,nan,nan,nan,nan,nan
20,0.8321763277053833,0.013736376538872719,0.06133822724223137,0.7105563879013062,0.0,0.04654531925916672,0.21574364245364616,4.585163550733021,4.8096253871917725,nan,nan,nan,nan,nan,nan,nan
21,0.8473906517028809,0.013861489482223988,0.08419618755578995,0.7039124369621277,0.0,0.04542050138115883,0.213120860971325,6.3451391741321475,4.969620227813721,nan,nan,nan,nan,nan,nan,nan
22,0.8489676713943481,0.013663136400282383,0.09640610963106155,0.6913282871246338,0.0,0.047570083290338516,0.21810567000960457,6.979224656550698,5.1466147899627686,nan,nan,nan,nan,nan,nan,nan
23,0.828712522983551,0.013120620511472225,0.09381554275751114,0.6700085997581482,0.0,0.051767781376838684,0.2275253422738634,6.59475127522847,5.320610284805298,nan,nan,nan,nan,nan,nan,nan
24,0.7858508825302124,0.012285931967198849,0.07887081801891327,0.6430383324623108,0.0,0.051655787974596024,0.2272790970912108,5.261097893229321,5.497604608535767,nan,nan,nan,nan,nan,nan,nan
25,0.7405489087104797,0.011273356154561043,0.05854077637195587,0.6169488430023193,0.0,0.05378589406609535,0.23191786060175562,3.424583826814177,5.668599605560303,nan,nan,nan,nan,nan,nan,nan
26,0.7139366865158081,0.010225977748632431,0.04019051790237427,0.597404420375824,0.0,0.06611577421426773,0.2571298781049525,2.038329003816857,5.83559513092041,nan,nan,nan,nan,nan,nan,nan
27,0.7043232917785645,0.009300006553530693,0.028333988040685654,0.585708737373352,0.0,0.08098053187131882,0.28457078534403146,2.9963932337031953,6.015589952468872,nan,nan,nan,nan,nan,nan,nan
28,0.7055660486221313,0.008609856478869915,0.022984514012932777,0.5779876112937927,0.0,0.09598405659198761,0.3098129380642255,4.463917227151362,6.189629554748535,nan,nan,nan,nan,nan,nan,nan
29,0.7024281620979309,0.008215861395001411,0.0216619111597538,0.5681217908859253,0.0,0.10442856699228287,0.3231540917152108,5.326299322794071,6.369580268859863,nan,nan,nan,nan,nan,nan,nan
30,0.6813449263572693,0.008138596080243587,0.02254224196076393,0.5518735647201538,0.0,0.09879051148891449,0.3143095790600638,5.138877185609194,6.5375752449035645,nan,nan,nan,nan,nan,nan,nan
31,0.6489079594612122,0.008363723754882812,0.02635444700717926,0.5296698808670044,0.0,0.0845199003815651,0.2907230647567631,4.098457791796156,6.701416492462158,nan,nan,nan,nan,nan,nan,nan
32,0.6152074337005615,0.00885376613587141,0.03553008660674095,0.5055361986160278,0.0,0.06528736650943756,0.25551392625341884,2.4485409043958724,6.876411199569702,nan,nan,nan,nan,nan,nan,nan
33,0.5937533378601074,0.009532785043120384,0.05152014642953873,0.48418185114860535,0.0,0.04851851984858513,0.22026919859250663,0.9706796274621138,7.053430080413818,nan,nan,nan,nan,nan,nan,nan
34,0.5899831056594849,0.010258575901389122,0.07199639081954956,0.46798399090766907,0.0,0.03974415734410286,0.19935936733472762,2.2410337145809667,7.250424385070801,nan,nan,nan,nan,nan,nan,nan
35,0.5940888524055481,0.010839208960533142,0.09063921123743057,0.4557454288005829,0.0,0.0368649885058403,0.19200257421670236,3.6467508435519576,7.4334189891815186,nan,nan,nan,nan,nan,nan,nan
36,0.5928893685340881,0.011105099692940712,0.1005670353770256,0.444749116897583,0.0,0.03646809235215187,0.19096620735656838,4.181686481586049,7.61341404914856,nan,nan,nan,nan,nan,nan,nan
37,0.5814514756202698,0.010982018895447254,0.09890051186084747,0.4340212941169739,0.0,0.037547651678323746,0.19377216435371658,3.7194540465310197,7.789409160614014,nan,nan,nan,nan,nan,nan,nan
38,0.5623343586921692,0.01053132489323616,0.08837857842445374,0.42539188265800476,0.0,0.03803260624408722,0.19501950221474573,2.51705087256768,7.985126256942749,nan,nan,nan,nan,nan,nan,nan
39,0.5500245094299316,0.00991261750459671,0.07488777488470078,0.42130929231643677,0.0,0.0439148023724556,0.2095585893549954,1.1958649722288217,8.17411994934082,nan,nan,nan,nan,nan,nan,nan
40,0.5481874942779541,0.009331168606877327,0.06384816020727158,0.4215977191925049,0.0,0.05341041833162308,0.23110694133154694,1.7710773507545463,8.377424240112305,nan,nan,nan,nan,nan,nan,nan
41,0.5484211444854736,0.008967109024524689,0.05756044015288353,0.42257365584373474,0.0,0.059319935739040375,0.24355684293207688,2.9295799169764907,8.577418565750122,nan,nan,nan,nan,nan,nan,nan
42,0.5442249774932861,0.00894303061068058,0.05605943500995636,0.41944408416748047,0.0,0.05977839231491089,0.24449620102347375,3.2903144193269283,8.7724130153656,nan,nan,nan,nan,nan,nan,nan
43,0.533876895904541,0.009294766932725906,0.059105247259140015,0.4103628396987915,0.0,0.05511406064033508,0.23476384014650784,2.7191951261702942,8.9674072265625,nan,nan,nan,nan,nan,nan,nan
44,0.5214169025421143,0.009976455010473728,0.06704376637935638,0.39765962958335876,0.0,0.046737056225538254,0.21618754872919543,1.4122143930276199,9.170401334762573,nan,nan,nan,nan,nan,nan,nan
45,0.5152555108070374,0.01085545215755701,0.07916992157697678,0.385538786649704,0.0,0.039691343903541565,0.199226865416142,0.4842351463993577,9.38339638710022,nan,nan,nan,nan,nan,nan,nan
46,0.5158692598342896,0.011721077375113964,0.09200961142778397,0.37674903869628906,0.0,0.03538954257965088,0.18812108488856552,1.8455478568768222,9.597389221191406,nan,nan,nan,nan,nan,nan,nan
47,0.5187191367149353,0.012322571128606796,0.09986897557973862,0.3716210722923279,0.0,0.03490649163722992,0.186832790583532,2.522510196864735,9.795383214950562,nan,nan,nan,nan,nan,nan,nan
48,0.5164162516593933,0.012523992918431759,0.09949686378240585,0.3693429231643677,0.0,0.03505248576402664,0.18722309089433023,2.474767053582057,9.994378089904785,nan,nan,nan,nan,nan,nan,nan
49,0.5114280581474304,0.01233894843608141,0.09178569167852402,0.37006503343582153,0.0,0.037238407880067825,0.1929725573237496,1.4851265238577864,10.176372766494751,nan,nan,nan,nan,nan,nan,nan
50,0.5061429738998413,0.01195946242660284,0.08173113316297531,0.3737372159957886,0.0,0.03871513158082962,0.1967616110445064,0.6639458981096241,10.37136697769165,nan,nan,nan,nan,nan,nan,nan
51,0.5069326162338257,0.011627374216914177,0.07384359836578369,0.37852567434310913,0.0,0.04293598234653473,0.20720999576886906,1.421012500220721,10.555362224578857,nan,nan,nan,nan,nan,nan,nan
52,0.5091389417648315,0.011538276448845863,0.0702277198433876,0.38100069761276245,0.0,0.04637222737073898,0.21534211703876924,2.052744166208788,10.721357345581055,nan,nan,nan,nan,nan,nan,nan
53,0.5057880878448486,0.011792616918683052,0.07118065655231476,0.3786197006702423,0.0,0.04419513791799545,0.21022639681542243,1.968051295706384,10.89835262298584,nan,nan,nan,nan,nan,nan,nan
54,0.5020483136177063,0.012377515435218811,0.07627254724502563,0.3719055950641632,0.0,0.04149264842271805,0.2036974433386881,1.2659435969448876,11.066347599029541,nan,nan,nan,nan,nan,nan,nan
55,0.5004454255104065,0.013164561241865158,0.08441060036420822,0.3637135624885559,0.0,0.0391567200422287,0.19788057014833138,0.34235527180662356,11.248342752456665,nan,nan,nan,nan,nan,nan,nan
56,0.49872881174087524,0.013917186297476292,0.09269516170024872,0.3571208119392395,0.0,0.03499563783407211,0.18707121059658569,0.9915934876309094,11.422337532043457,nan,nan,nan,nan,nan,nan,nan
57,0.5001772046089172,0.014417426660656929,0.09766749292612076,0.3533821403980255,0.0,0.03471013158559799,0.1863065527178204,1.5123805817376372,11.585332870483398,nan,nan,nan,nan,nan,nan,nan
58,0.4969550371170044,0.014537900686264038,0.0972420796751976,0.3525795340538025,0.0,0.03259551525115967,0.18054228106224776,1.455010395119078,11.754327774047852,nan,nan,nan,nan,nan,nan,nan
59,0.49604976177215576,0.014310905709862709,0.09218531101942062,0.3544338345527649,0.0,0.03511971980333328,0.18740256082384063,0.8698499293052433,11.92232370376587,nan,nan,nan,nan,nan,nan,nan
60,0.4949055314064026,0.01390997227281332,0.0855373740196228,0.3580392301082611,0.0,0.03741896152496338,0.1934398137017387,0.44447143634153335,12.09231948852539,nan,nan,nan,nan,nan,nan,nan
61,0.4941413998603821,0.01353113166987896,0.08002706617116928,0.36170414090156555,0.0,0.03887908160686493,0.1971777918703446,0.9821673037657118,12.265313625335693,nan,nan,nan,nan,nan,nan,nan
62,0.49346476793289185,0.013335646130144596,0.07724377512931824,0.363257497549057,0.0,0.039627864956855774,0.19906748844765126,1.3187113166998259,12.45930814743042,nan,nan,nan,nan,nan,nan,nan
63,0.49206605553627014,0.013388239778578281,0.07756655663251877,0.3616349697113037,0.0,0.03947630524635315,0.19868644957911233,1.0891913728264655,12.640339851379395,nan,nan,nan,nan,nan,nan,nan
64,0.48974373936653137,0.01361896749585867,0.08027924597263336,0.35791927576065063,0.0,0.037926267832517624,0.19474667604998455,0.5530757302609454,12.806298017501831,nan,nan,nan,nan,nan,nan,nan
65,0.48572710156440735,0.013879003934562206,0.08391377329826355,0.35407960414886475,0.0,0.033854711800813675,0.18399649942543383,0.3966311661512616,12.97029447555542,nan,nan,nan,nan,nan,nan,nan
66,0.48582011461257935,0.014020703732967377,0.08660569041967392,0.35151541233062744,0.0,0.03367828205227852,0.18351643537372483,0.7622214528944277,13.154288291931152,nan,nan,nan,nan,nan,nan,nan
67,0.4865715801715851,0.013949048705399036,0.08682796359062195,0.3507358729839325,0.0,0.03505869582295418,0.187239674809999,0.9773191811707734,13.35528302192688,nan,nan,nan,nan,nan,nan,nan
68,0.48405325412750244,0.013632976450026035,0.08400386571884155,0.35181549191474915,0.0,0.034600917249917984,0.18601321794409661,0.6656484568870028,13.529278039932251,nan,nan,nan,nan,nan,nan,nan
69,0.4828616976737976,0.013177159242331982,0.07965318113565445,0.3540315628051758,0.0,0.03599978983402252,0.18973610577331484,0.3548453063344954,13.68527364730835,nan,nan,nan,nan,nan,nan,nan
70,0.481632262468338,0.012698070146143436,0.07537268102169037,0.3565253019332886,0.0,0.037036214023828506,0.1924479514669577,0.485221391891231,13.992356300354004,nan,nan,nan,nan,nan,nan,nan
71,0.4815453290939331,0.012309033423662186,0.07252904027700424,0.3581148684024811,0.0,0.038592394441366196,0.1964494704532598,0.7232742371401458,14.210258483886719,nan,nan,nan,nan,nan,nan,nan
72,0.4802020490169525,0.012061502784490585,0.07160692662000656,0.3581019937992096,0.0,0.03843160346150398,0.19603980070767257,0.7490076784112754,14.377253770828247,nan,nan,nan,nan,nan,nan,nan
73,0.47827625274658203,0.011942571960389614,0.0724819079041481,0.35658809542655945,0.0,0.03726368397474289,0.19303803763699756,0.5435489563384683,14.562248706817627,nan,nan,nan,nan,nan,nan,nan
74,0.4762418866157532,0.011896206997334957,0.07453553378582001,0.35434868931770325,0.0,0.035461440682411194,0.18831208320872878,0.2630647216075076,14.741316080093384,nan,nan,nan,nan,nan,nan,nan
75,0.4760535955429077,0.011825792491436005,0.0765281692147255,0.35244080424308777,0.0,0.03525881841778755,0.18777331657556554,0.452480740607189,14.907238960266113,nan,nan,nan,nan,nan,nan,nan
76,0.47392863035202026,0.01164927426725626,0.07720567286014557,0.3515336513519287,0.0,0.0335400253534317,0.18313936047019413,0.5731982505159604,15.07823395729065,nan,nan,nan,nan,nan,nan,nan
77,0.473577082157135,0.011352225206792355,0.07618233561515808,0.3516910970211029,0.0,0.034351419657468796,0.18534135981336922,0.485187795143971,15.250229835510254,nan,nan,nan,nan,nan,nan,nan
78,0.47249722480773926,0.010972385294735432,0.07396207004785538,0.35262832045555115,0.0,0.034934449940919876,0.1869075973333344,0.3621670199117249,15.43222451210022,nan,nan,nan,nan,nan,nan,nan
79,0.47053849697113037,0.010555868968367577,0.07122500240802765,0.35401588678359985,0.0,0.03474173694849014,0.1863913542750579,0.2819318849912744,15.598219394683838,nan,nan,nan,nan,nan,nan,nan
80,0.47086745500564575,0.01018581073731184,0.06913631409406662,0.35504624247550964,0.0,0.03649909794330597,0.1910473709405758,0.4061395312771396,15.778215646743774,nan,nan,nan,nan,nan,nan,nan
81,0.47032102942466736,0.009891914203763008,0.06810204684734344,0.35529929399490356,0.0,0.03702777251601219,0.1924260182927771,0.5150116479524199,15.960209131240845,nan,nan,nan,nan,nan,nan,nan
82,0.4694122076034546,0.009690518490970135,0.06834933906793594,0.3545368015766144,0.0,0.036835554987192154,0.1919259101507458,0.42622805832104804,16.136204719543457,nan,nan,nan,nan,nan,nan,nan
83,0.46668243408203125,0.009553157724440098,0.06951505690813065,0.35312342643737793,0.0,0.034490782767534256,0.18571694259688387,0.2442818104654818,16.323198795318604,nan,nan,nan,nan,nan,nan,nan
84,0.4660118520259857,0.009429864585399628,0.0708472803235054,0.35168954730033875,0.0,0.03404515981674194,0.18451330525667234,0.27163786334091894,16.504193782806396,nan,nan,nan,nan,nan,nan,nan
85,0.4659115672111511,0.009275179356336594,0.07162518799304962,0.35068345069885254,0.0,0.034327734261751175,0.1852774521137183,0.39792236875982184,16.66191864013672,nan,nan,nan,nan,nan,nan,nan
86,0.4631466269493103,0.009063061326742172,0.07134851068258286,0.3503389358520508,0.0,0.03239614516496658,0.17998929180639214,0.4406182328477324,16.829913854599,nan,nan,nan,nan,nan,nan,nan
87,0.46404197812080383,0.008792807348072529,0.06996098905801773,0.35068079829216003,0.0,0.034607384353876114,0.18603060058462456,0.2747746342316152,17.00576162338257,nan,nan,nan,nan,nan,nan,nan
88,0.4629454016685486,0.008515296503901482,0.06828142702579498,0.3512446880340576,0.0,0.03490399569272995,0.18682611084302417,0.24250494927346122,17.181756019592285,nan,nan,nan,nan,nan,nan,nan
89,0.4617982506752014,0.008271683007478714,0.06703294068574905,0.35154879093170166,0.0,0.034944839775562286,0.186935389307542,0.29985647326370496,17.36975073814392,nan,nan,nan,nan,nan,nan,nan
90,0.46059951186180115,0.008078143931925297,0.06647852808237076,0.3513585031032562,0.0,0.03468431904911995,0.18623726546832658,0.3574256553931521,17.533746480941772,nan,nan,nan,nan,nan,nan,nan
91,0.4614478051662445,0.007941721938550472,0.06676679104566574,0.3505440950393677,0.0,0.03619517758488655,0.19025030245675445,0.2833064247290406,17.691741466522217,nan,nan,nan,nan,nan,nan,nan
92,0.46043476462364197,0.007842134684324265,0.06755174696445465,0.3493885099887848,0.0,0.035652365535497665,0.18881834004009693,0.21371228565799508,17.84473752975464,nan,nan,nan,nan,nan,nan,nan
93,0.45660603046417236,0.007746947463601828,0.0683324858546257,0.3482661247253418,0.0,0.032260481268167496,0.179612029853703,0.27116088285123224,18.01697325706482,nan,nan,nan,nan,nan,nan,nan
94,0.457081139087677,0.0076303337700665,0.06859490275382996,0.3474920392036438,0.0,0.03336387500166893,0.18265780848808225,0.2719716160143526,18.1949679851532,nan,nan,nan,nan,nan,nan,nan
95,0.4595854580402374,0.00749345263466239,0.06834510713815689,0.34704360365867615,0.0,0.03670327737927437,0.19158099430599676,0.289192378840528,18.366790056228638,nan,nan,nan,nan,nan,nan,nan
96,0.4549480676651001,0.00732768140733242,0.06750151515007019,0.3469911515712738,0.0,0.03312772884964943,0.1820102438041591,0.2176328699853493,18.55978488922119,nan,nan,nan,nan,nan,nan,nan
97,0.4535582661628723,0.007163557223975658,0.06654971092939377,0.3470355272293091,0.0,0.03280946984887123,0.18113384512252598,0.21598538177901186,18.743780374526978,nan,nan,nan,nan,nan,nan,nan
98,0.45449066162109375,0.007021720986813307,0.06587930768728256,0.3469054400920868,0.0,0.03468417748808861,0.1862368854123388,0.2683320301834554,18.907776832580566,nan,nan,nan,nan,nan,nan,nan
99,0.4543301463127136,0.006914399564266205,0.06573502719402313,0.34640106558799744,0.0,0.035279661417007446,0.18782880880473965,0.2595911664712709,19.087769985198975,nan,nan,nan,nan,nan,nan,nan
100,0.45175039768218994,0.006836471147835255,0.06604461371898651,0.34557288885116577,0.0,0.03329639881849289,0.18247300846561634,0.2282596339155299,19.291764497756958,nan,nan,nan,nan,nan,nan,nan
101,0.45425474643707275,0.006777116563171148,0.0665951669216156,0.3445892632007599,0.0,0.03629322350025177,0.1905078043027418,0.21080125533109276,19.469759464263916,nan,nan,nan,nan,nan,nan,nan
102,0.4489735960960388,0.006707024294883013,0.06689862906932831,0.3437945246696472,0.0,0.031573422253131866,0.17768911686744315,0.20224269070981576,19.634754180908203,nan,nan,nan,nan,nan,nan,nan
103,0.4500991106033325,0.006628743372857571,0.06699720770120621,0.34315288066864014,0.0,0.033320263028144836,0.18253838782060292,0.22952668477273844,19.816749095916748,nan,nan,nan,nan,nan,nan,nan
104,0.4493388235569,0.006527879741042852,0.06666561961174011,0.34281453490257263,0.0,0.03333079814910889,0.1825672428151033,0.21388444837669604,20.004744291305542,nan,nan,nan,nan,nan,nan,nan
105,0.44869717955589294,0.006415368523448706,0.0660674050450325,0.3426702916622162,0.0,0.03354412689805031,0.1831505580063853,0.1906322096545571,20.178738594055176,nan,nan,nan,nan,nan,nan,nan
106,0.44679978489875793,0.006302129942923784,0.06543473154306412,0.3425678312778473,0.0,0.03249507024884224,0.18026389058500386,0.20335338837311503,20.350733757019043,nan,nan,nan,nan,nan,nan,nan
107,0.4457865059375763,0.006202274467796087,0.06503185629844666,0.342317134141922,0.0,0.032235223799943924,0.1795417049043033,0.2183110802924002,20.503729343414307,nan,nan,nan,nan,nan,nan,nan
108,0.4467260539531708,0.0061182123608887196,0.06491896510124207,0.3418695628643036,0.0,0.03381931409239769,0.1839002830133703,0.2026254019260758,20.70272445678711,nan,nan,nan,nan,nan,nan,nan
109,0.44619861245155334,0.006042118649929762,0.06495919078588486,0.34132546186447144,0.0,0.03387187048792839,0.1840431212730549,0.18520556014042575,20.87589454650879,nan,nan,nan,nan,nan,nan,nan
110,0.4446170926094055,0.0059624165296554565,0.06491787731647491,0.3408511281013489,0.0,0.032885655760765076,0.18134402598587326,0.18405230595239463,21.074886322021484,nan,nan,nan,nan,nan,nan,nan
111,0.4446921646595001,0.005880966316908598,0.06483087688684464,0.34041863679885864,0.0,0.03356167674064636,0.18319846271365478,0.18551975064108142,21.268882036209106,nan,nan,nan,nan,nan,nan,nan
112,0.4444132149219513,0.00579513655975461,0.06463386863470078,0.34006887674331665,0.0,0.033915333449840546,0.1841611616216637,0.20717186837693974,21.452876091003418,nan,nan,nan,nan,nan,nan,nan
113,0.4445134103298187,0.005692791659384966,0.06410349905490875,0.3399530351161957,0.0,0.03476407006382942,0.18645125385426997,0.19123237220501813,21.636870861053467,nan,nan,nan,nan,nan,nan,nan
114,0.4412042796611786,0.0055816760286688805,0.06340780109167099,0.3399605453014374,0.0,0.032254260033369064,0.17959471048271178,0.18339109763120753,21.80086660385132,nan,nan,nan,nan,nan,nan,nan
115,0.4421357214450836,0.005469500087201595,0.0626659244298935,0.3400115966796875,0.0,0.03398868069052696,0.18436019280345461,0.20984614686918007,22.0078604221344,nan,nan,nan,nan,nan,nan,nan
116,0.43891531229019165,0.00537612522020936,0.06229029968380928,0.3398103713989258,0.0,0.03143851459026337,0.1773090933659731,0.20667718740302202,22.193855047225952,nan,nan,nan,nan,nan,nan,nan
117,0.43914198875427246,0.005300403106957674,0.06221077963709831,0.3394009470939636,0.0,0.03222982585430145,0.1795266717073022,0.18911038056536225,22.36685061454773,nan,nan,nan,nan,nan,nan,nan
118,0.4390544891357422,0.005234080832451582,0.06231459230184555,0.3388737440109253,0.0,0.03263208270072937,0.18064352382725868,0.1898068926003526,22.542845726013184,nan,nan,nan,nan,nan,nan,nan
119,0.43818190693855286,0.005158883519470692,0.06222967430949211,0.33848413825035095,0.0,0.032309193164110184,0.1797475818032337,0.1807874007456049,22.71884059906006,nan,nan,nan,nan,nan,nan,nan
120,0.4376845359802246,0.005078035406768322,0.061995476484298706,0.3382008969783783,0.0,0.03241013363003731,0.1800281467716571,0.1880735560627592,22.876835823059082,nan,nan,nan,nan,nan,nan,nan
121,0.4366381764411926,0.004990071523934603,0.06153097748756409,0.33807632327079773,0.0,0.0320408008992672,0.1789994438518377,0.17754092404953864,23.06183099746704,nan,nan,nan,nan,nan,nan,nan
122,0.4379809498786926,0.004900239408016205,0.06100010499358177,0.3380028307437897,0.0,0.034077778458595276,0.18460167512402284,0.17516157326187157,23.268824577331543,nan,nan,nan,nan,nan,nan,nan
123,0.43521255254745483,0.004806497134268284,0.06038277596235275,0.3379964530467987,0.0,0.03202683851122856,0.17896043839695008,0.17099493455768236,23.483818769454956,nan,nan,nan,nan,nan,nan,nan
124,0.4342910051345825,0.00471365824341774,0.05976525694131851,0.33799779415130615,0.0,0.03181429207324982,0.1783656134832323,0.1828131896773729,23.651813983917236,nan,nan,nan,nan,nan,nan,nan
125,0.43468236923217773,0.004631540738046169,0.05940031632781029,0.337828129529953,0.0,0.03282235562801361,0.18116941140273546,0.18357027664307882,23.864807605743408,nan,nan,nan,nan,nan,nan,nan
126,0.43378397822380066,0.004561707843095064,0.05925685167312622,0.33750641345977783,0.0,0.03245897963643074,0.18016375783278596,0.17507061318952347,24.06780242919922,nan,nan,nan,nan,nan,nan,nan
127,0.4341808557510376,0.0044989148154854774,0.059276800602674484,0.33707788586616516,0.0,0.033327244222164154,0.182557509355721,0.18143134500285524,24.25179696083069,nan,nan,nan,nan,nan,nan,nan
128,0.4327956438064575,0.004427939187735319,0.059124965220689774,0.33677318692207336,0.0,0.03246956691145897,0.1801931378034662,0.18196325914788952,24.44279170036316,nan,nan,nan,nan,nan,nan,nan
129,0.43063607811927795,0.004345950670540333,0.05873773247003555,0.3366320729255676,0.0,0.030920321121811867,0.17584175022392112,0.16954789448096846,24.602786779403687,nan,nan,nan,nan,nan,nan,nan
130,0.4297618567943573,0.004273314494639635,0.05853228643536568,0.3363697826862335,0.0,0.030586492270231247,0.1748899433078736,0.171005075451809,24.780782461166382,nan,nan,nan,nan,nan,nan,nan
131,0.4305712878704071,0.004195492248982191,0.058168601244688034,0.33621689677238464,0.0,0.03199029713869095,0.1788583158220242,0.17580760251832672,24.96277689933777,nan,nan,nan,nan,nan,nan,nan
132,0.4294290542602539,0.004111810587346554,0.057653412222862244,0.3361683487892151,0.0,0.03149549663066864,0.17746970623367989,0.16345116373973992,25.191770553588867,nan,nan,nan,nan,nan,nan,nan
133,0.42842555046081543,0.004032966215163469,0.05725019797682762,0.336044579744339,0.0,0.03109779581427574,0.1763456713794692,0.181948684372525,25.378765106201172,nan,nan,nan,nan,nan,nan,nan
134,0.4285467267036438,0.00396368745714426,0.05705345794558525,0.33577901124954224,0.0,0.03175055980682373,0.17818686766095793,0.1743126176944053,25.541760206222534,nan,nan,nan,nan,nan,nan,nan
135,0.4292057454586029,0.00389227201230824,0.05674789473414421,0.33558881282806396,0.0,0.03297678381204605,0.1815951095488148,0.15901946244263823,25.708755493164062,nan,nan,nan,nan,nan,nan,nan
136,0.4267990291118622,0.00382222980260849,0.056444957852363586,0.3353993892669678,0.0,0.031132465228438377,0.17644394358673346,0.15872256208152308,25.87575078010559,nan,nan,nan,nan,nan,nan,nan
137,0.4257425367832184,0.0037501186598092318,0.05608759820461273,0.33525174856185913,0.0,0.030653057619929314,0.17508014627572516,0.16341280213452947,26.058745861053467,nan,nan,nan,nan,nan,nan,nan
138,0.4246480166912079,0.003687994321808219,0.055907104164361954,0.3349855840206146,0.0,0.0300673209130764,0.1733993105899686,0.1609362125525019,26.23474097251892,nan,nan,nan,nan,nan,nan,nan
139,0.4268092215061188,0.003632286796346307,0.05590948462486267,0.3346019685268402,0.0,0.03266548737883568,0.18073596039204726,0.1589932529877259,26.403736352920532,nan,nan,nan,nan,nan,nan,nan
140,0.4256919324398041,0.0035750276874750853,0.055804118514060974,0.3342949151992798,0.0,0.03201785311102867,0.17893533220420352,0.18027732891420023,26.58306336402893,nan,nan,nan,nan,nan,nan,nan
141,0.42501991987228394,0.0035096686333417892,0.05541490763425827,0.33418047428131104,0.0,0.031914856284856796,0.17864729576698551,0.15421635089264185,26.806055784225464,nan,nan,nan,nan,nan,nan,nan
142,0.42318305373191833,0.0034419174771755934,0.05494725704193115,0.33412492275238037,0.0,0.03066893294453621,0.17512547771394146,0.1502316595766442,26.9873948097229,nan,nan,nan,nan,nan,nan,nan
143,0.4227805435657501,0.0033733323216438293,0.054468199610710144,0.334086149930954,0.0,0.030852846801280975,0.17564978451817403,0.1626159782036436,27.166388988494873,nan,nan,nan,nan,nan,nan,nan
144,0.4233321249485016,0.0033141463063657284,0.05417949706315994,0.3339235186576843,0.0,0.03191498667001724,0.17864766069002203,0.16183557357198497,27.36038374900818,nan,nan,nan,nan,nan,nan,nan
145,0.42229175567626953,0.003263771068304777,0.054110780358314514,0.3336174190044403,0.0,0.031299784779548645,0.176917451879538,0.14877280610788052,27.537378787994385,nan,nan,nan,nan,nan,nan,nan
146,0.42176342010498047,0.0032169376499950886,0.05410250648856163,0.33327919244766235,0.0,0.031164780259132385,0.17653549291610565,0.15136727819094284,27.708374500274658,nan,nan,nan,nan,nan,nan,nan
147,0.4222165048122406,0.0031776141840964556,0.0542222298681736,0.3328621983528137,0.0,0.03195447847247124,0.17875815638026488,0.15625520809637047,27.89126443862915,nan,nan,nan,nan,nan,nan,nan
148,0.42080530524253845,0.00313356751576066,0.05416380241513252,0.33256688714027405,0.0,0.03094104677438736,0.17590067303562928,0.2025386561660654,28.07226014137268,nan,nan,nan,nan,nan,nan,nan
149,0.4202323257923126,0.0030762103851884604,0.05370477959513664,0.33253008127212524,0.0,0.03092125616967678,0.17584440898043013,0.14401434245223246,28.26825475692749,nan,nan,nan,nan,nan,nan,nan
150,0.4204828441143036,0.0030193182174116373,0.053211648017168045,0.33251920342445374,0.0,0.03173268586397171,0.17813670554933844,0.1521876665891143,28.464808225631714,nan,nan,nan,nan,nan,nan,nan
151,0.418546199798584,0.0029581428971141577,0.05257469788193703,0.33261263370513916,0.0,0.030400726944208145,0.1743580423846521,0.14470983884387228,28.61880350112915,nan,nan,nan,nan,nan,nan,nan
152,0.419486403465271,0.0029036339838057756,0.052071671932935715,0.3326272666454315,0.0,0.03188382089138031,0.17856041244178483,0.1489692805890131,28.79256296157837,nan,nan,nan,nan,nan,nan,nan
153,0.4180302321910858,0.0028559118509292603,0.05176312103867531,0.33251312375068665,0.0,0.030898068100214005,0.17577846312962805,0.15644459445675152,28.993371725082397,nan,nan,nan,nan,nan,nan,nan
154,0.4185795187950134,0.0028186480049043894,0.05168743059039116,0.33224552869796753,0.0,0.03182791545987129,0.17840379889416955,0.14369511060638746,29.167142868041992,nan,nan,nan,nan,nan,nan,nan
155,0.41874590516090393,0.0027781170792877674,0.05157245695590973,0.33201196789741516,0.0,0.032383352518081665,0.1799537510531016,0.13549482695621204,29.36349368095398,nan,nan,nan,nan,nan,nan,nan
156,0.4164888560771942,0.0027394937351346016,0.05147218331694603,0.33177369832992554,0.0,0.030503490939736366,0.17465248621115123,0.13647601243428248,29.54481863975525,nan,nan,nan,nan,nan,nan,nan
157,0.414485365152359,0.0026989246252924204,0.05129013583064079,0.3315945565700531,0.0,0.02890176698565483,0.1700051969371961,0.13882263648114898,29.70850896835327,nan,nan,nan,nan,nan,nan,nan
158,0.4179808795452118,0.00265693967230618,0.051005277782678604,0.33148667216300964,0.0,0.03283198922872543,0.1811959967237837,0.14791178810535544,29.873193502426147,nan,nan,nan,nan,nan,nan,nan
159,0.4167177677154541,0.0026083507109433413,0.05055154114961624,0.3314938545227051,0.0,0.03206402063369751,0.17906429190013712,0.1427232458139286,30.04555082321167,nan,nan,nan,nan,nan,nan,nan
160,0.41389185190200806,0.002556445775553584,0.04997926577925682,0.33158791065216064,0.0,0.029768219217658043,0.17253468989643225,0.1552467056570913,30.225287675857544,nan,nan,nan,nan,nan,nan,nan
161,0.41452735662460327,0.002509507117792964,0.049485258758068085,0.33163750171661377,0.0,0.030895093455910683,0.17577000158135825,0.1703799910520602,30.430676698684692,nan,nan,nan,nan,nan,nan,nan
162,0.4168659746646881,0.0024750344455242157,0.049334555864334106,0.33145859837532043,0.0,0.033597785979509354,0.18329698846273867,0.12817855081135887,30.613999366760254,nan,nan,nan,nan,nan,nan,nan
163,0.4141584038734436,0.002441691467538476,0.04921954497694969,0.3312622308731079,0.0,0.031234923750162125,0.17673404807835452,0.12936486189513116,30.79630947113037,nan,nan,nan,nan,nan,nan,nan
164,0.40917304158210754,0.002410057932138443,0.049148112535476685,0.33104407787323,0.0,0.026570787653326988,0.1630054835069268,0.12837009658172413,30.985692977905273,nan,nan,nan,nan,nan,nan,nan
165,0.413346529006958,0.0023800022900104523,0.049035124480724335,0.33085691928863525,0.0,0.031074486672878265,0.17627956964117614,0.14429566480533187,31.164021730422974,nan,nan,nan,nan,nan,nan,nan
166,0.41210517287254333,0.002346981316804886,0.04876042529940605,0.33077728748321533,0.0,0.030220476910471916,0.17384037767582053,0.1289093425080179,31.34332275390625,nan,nan,nan,nan,nan,nan,nan
167,0.4127679169178009,0.002314469078555703,0.04843233525753021,0.33073264360427856,0.0,0.03128847852349281,0.1768854955147335,0.1234579493227845,31.507173538208008,nan,nan,nan,nan,nan,nan,nan
168,0.41013672947883606,0.0022824991028755903,0.048106517642736435,0.33069077134132385,0.0,0.02905694581568241,0.17046098033181203,0.12881897772196077,31.716166973114014,nan,nan,nan,nan,nan,nan,nan
169,0.4120377004146576,0.0022561426740139723,0.04792904108762741,0.3305571377277374,0.0,0.031295377761125565,0.17690499642781593,0.15818332761370302,31.877162218093872,nan,nan,nan,nan,nan,nan,nan
170,0.40931615233421326,0.002229443285614252,0.04776591435074806,0.33040791749954224,0.0,0.02891286090016365,0.1700378219695949,0.12273496825084428,32.07215642929077,nan,nan,nan,nan,nan,nan,nan
171,0.4100090563297272,0.0022010570392012596,0.047550950199365616,0.3302985429763794,0.0,0.029958520084619522,0.17308529713589055,0.14107896536209627,32.24015188217163,nan,nan,nan,nan,nan,nan,nan
172,0.4109882116317749,0.0021674800664186478,0.04722693935036659,0.3302581012248993,0.0,0.03133569285273552,0.1770189053540201,0.13638293155991696,32.43114614486694,nan,nan,nan,nan,nan,nan,nan
173,0.4095366895198822,0.0021340774837881327,0.046901050955057144,0.3302190899848938,0.0,0.030282454565167427,0.17401854661261662,0.11967865319395536,32.606141567230225,nan,nan,nan,nan,nan,nan,nan
174,0.4078194797039032,0.0021013387013226748,0.04656894505023956,0.330188125371933,0.0,0.028961066156625748,0.17017951156536368,0.11450362101340432,32.79213619232178,nan,nan,nan,nan,nan,nan,nan
175,0.4098127484321594,0.002071391325443983,0.04631069302558899,0.33011651039123535,0.0,0.03131416440010071,0.1769580865631766,0.11814259511957334,32.96313142776489,nan,nan,nan,nan,nan,nan,nan
176,0.4087652564048767,0.0020449222065508366,0.046124983578920364,0.3300035297870636,0.0,0.030591800808906555,0.17490511944739226,0.11676063655651518,33.14712643623352,nan,nan,nan,nan,nan,nan,nan
177,0.4061415195465088,0.0020176165271550417,0.045894842594861984,0.3299247920513153,0.0,0.028304290026426315,0.16823878870945996,0.12374708207067231,33.323121070861816,nan,nan,nan,nan,nan,nan,nan
178,0.4076104760169983,0.001993818674236536,0.04567733407020569,0.3298405408859253,0.0,0.030098803341388702,0.17349006698191313,0.1421944192100022,33.502116441726685,nan,nan,nan,nan,nan,nan,nan
179,0.40671318769454956,0.0019730953499674797,0.045498207211494446,0.32973453402519226,0.0,0.02950734831392765,0.1717770308100814,0.15445350282393278,33.67111110687256,nan,nan,nan,nan,nan,nan,nan
180,0.40755322575569153,0.0019534719176590443,0.045266974717378616,0.32966282963752747,0.0,0.030669961124658585,0.1751284132419939,0.11342526358399412,33.84610605239868,nan,nan,nan,nan,nan,nan,nan
181,0.4061336815357208,0.0019312960794195533,0.04497276619076729,0.32963740825653076,0.0,0.029592221602797508,0.17202389834786766,0.11215839129793835,34.055100440979004,nan,nan,nan,nan,nan,nan,nan
182,0.40564650297164917,0.001909312093630433,0.044668201357126236,0.32962530851364136,0.0,0.02944369427859783,0.1715916497927502,0.12177939453440727,34.257094860076904,nan,nan,nan,nan,nan,nan,nan
183,0.40440234541893005,0.0018921620212495327,0.04452989995479584,0.3295133709907532,0.0,0.02846691571176052,0.168721414502607,0.12421467198206886,34.47008919715881,nan,nan,nan,nan,nan,nan,nan
184,0.40381333231925964,0.0018796081421896815,0.04451762139797211,0.3293290436267853,0.0,0.02808704786002636,0.16759190869497953,0.11258275788253054,34.63508415222168,nan,nan,nan,nan,nan,nan,nan
185,0.4049747586250305,0.0018660402856767178,0.04440108314156532,0.32921695709228516,0.0,0.02949068881571293,0.1717285323285357,0.11584255602040003,34.81007933616638,nan,nan,nan,nan,nan,nan,nan
186,0.4060359299182892,0.0018490857910364866,0.0441562682390213,0.32918623089790344,0.0,0.03084436058998108,0.1756256262337051,0.13222229753667253,34.980074882507324,nan,nan,nan,nan,nan,nan,nan
187,0.40423518419265747,0.0018289333675056696,0.04384879395365715,0.3291879892349243,0.0,0.02936946414411068,0.1713752144976358,0.1130454821961014,35.1530704498291,nan,nan,nan,nan,nan,nan,nan
188,0.40450266003608704,0.0018075830303132534,0.043475374579429626,0.32922831177711487,0.0,0.029991375282406807,0.17318018155206677,0.1322727800158234,35.35906362533569,nan,nan,nan,nan,nan,nan,nan
189,0.4054768979549408,0.0017931836191564798,0.04335295781493187,0.3291085362434387,0.0,0.031222211197018623,0.17669807921145783,0.1081646877058731,35.54705834388733,nan,nan,nan,nan,nan,nan,nan
190,0.4041576385498047,0.0017781583592295647,0.04323706403374672,0.32898545265197754,0.0,0.03015696071088314,0.1736575961796176,0.10548725359815056,35.730053663253784,nan,nan,nan,nan,nan,nan,nan
191,0.40187159180641174,0.0017611985094845295,0.043058715760707855,0.328904390335083,0.0,0.028147274628281593,0.16777149527938764,0.10262055329499979,35.916048765182495,nan,nan,nan,nan,nan,nan,nan
192,0.40352511405944824,0.001745819579809904,0.042896818369627,0.3288198411464691,0.0,0.030062634497880936,0.17338579670169335,0.13377947982632477,36.099043130874634,nan,nan,nan,nan,nan,nan,nan
193,0.4030783474445343,0.001724835718050599,0.04249643161892891,0.3288850784301758,0.0,0.02997199073433876,0.17312420609013277,0.10021934672577892,36.27203822135925,nan,nan,nan,nan,nan,nan,nan
194,0.4042920768260956,0.0017064801650121808,0.04217890650033951,0.3289042115211487,0.0,0.03150248900055885,0.17748940531918758,0.10353051940400611,36.47403311729431,nan,nan,nan,nan,nan,nan,nan
195,0.4025935232639313,0.0016889593098312616,0.041855912655591965,0.32893264293670654,0.0,0.030115991830825806,0.1735395972993651,0.10840702673120098,36.63894033432007,nan,nan,nan,nan,nan,nan,nan
196,0.3998468816280365,0.0016754305688664317,0.041675057262182236,0.3288764953613281,0.0,0.027619898319244385,0.1661923533717613,0.12162523641501538,36.80893611907959,nan,nan,nan,nan,nan,nan,nan
197,0.40087229013442993,0.001667763921432197,0.04168947786092758,0.32870233058929443,0.0,0.02881270833313465,0.16974306564079328,0.10401788340637336,36.98420190811157,nan,nan,nan,nan,nan,nan,nan
198,0.4013761579990387,0.001661533722653985,0.0417155921459198,0.328528493642807,0.0,0.029470544308423996,0.171669870124096,0.12607467114908005,37.153197050094604,nan,nan,nan,nan,nan,nan,nan
199,0.4018332064151764,0.0016524314414709806,0.04150952026247978,0.32849347591400146,0.0,0.03017777018249035,0.1737175010829086,0.11892115225793687,37.34619116783142,nan,nan,nan,nan,nan,nan,nan
200,0.4001193940639496,0.0016403617337346077,0.04118731617927551,0.32852351665496826,0.0,0.028768224641680717,0.16961198260052476,0.09721192915904782,37.5141863822937,nan,nan,nan,nan,nan,nan,nan
201,0.39947861433029175,0.0016290807398036122,0.040882889181375504,0.3285415768623352,0.0,0.02842506766319275,0.1685973536660429,0.10821940002416264,37.68718242645264,nan,nan,nan,nan,nan,nan,nan
202,0.40039026737213135,0.0016205026768147945,0.04066513851284981,0.32851457595825195,0.0,0.02959003858268261,0.17201755312375133,0.09664811259773545,37.87317728996277,nan,nan,nan,nan,nan,nan,nan
203,0.3992546498775482,0.0016142514068633318,0.040559589862823486,0.328421026468277,0.0,0.028659777715802193,0.16929198952047966,0.10539208217061295,38.043450117111206,nan,nan,nan,nan,nan,nan,nan
204,0.4003720283508301,0.0016117283375933766,0.04057580977678299,0.32825806736946106,0.0,0.029926404356956482,0.17299249797883284,0.1182906292528357,38.220951795578,nan,nan,nan,nan,nan,nan,nan
205,0.3979295492172241,0.0016053322469815612,0.04039769619703293,0.32820984721183777,0.0,0.027716677635908127,0.16648326533291005,0.09430807510615084,38.40223979949951,nan,nan,nan,nan,nan,nan,nan
206,0.39969179034233093,0.001598381088115275,0.04016777127981186,0.3281920552253723,0.0,0.029733557254076004,0.17243421137951714,0.11460335879110908,38.56623458862305,nan,nan,nan,nan,nan,nan,nan
207,0.39942243695259094,0.0015884664608165622,0.03978303074836731,0.3282657861709595,0.0,0.029785161837935448,0.17258378208260314,0.1019347724397463,38.71723031997681,nan,nan,nan,nan,nan,nan,nan
208,0.39683693647384644,0.00157899537589401,0.039485007524490356,0.32829147577285767,0.0,0.027481479570269585,0.1657753889160559,0.0928878675915124,38.890225410461426,nan,nan,nan,nan,nan,nan,nan
209,0.39728960394859314,0.0015685128746554255,0.03914865106344223,0.3283465504646301,0.0,0.028225909918546677,0.16800568418522832,0.09111776870657598,39.08921957015991,nan,nan,nan,nan,nan,nan,nan
210,0.396637499332428,0.001559502794407308,0.03891127184033394,0.32834914326667786,0.0,0.027817578986287117,0.16678602755113248,0.1001728336275051,39.26921534538269,nan,nan,nan,nan,nan,nan,nan
211,0.40024301409721375,0.0015517326537519693,0.038723722100257874,0.3283275067806244,0.0,0.031640056520700455,0.17787652043117005,0.10860926861847565,39.453209400177,nan,nan,nan,nan,nan,nan,nan
212,0.39977577328681946,0.001545762992464006,0.03862576559185982,0.32825586199760437,0.0,0.03134837746620178,0.17705473014354003,0.11341935793783346,39.62520456314087,nan,nan,nan,nan,nan,nan,nan
213,0.3979244828224182,0.0015413217479363084,0.038600970059633255,0.3281451463699341,0.0,0.029637036845088005,0.17215410783680998,0.08911755157422376,39.78720045089722,nan,nan,nan,nan,nan,nan,nan
214,0.39853811264038086,0.0015376367373391986,0.03852846845984459,0.3280646502971649,0.0,0.030407357960939407,0.1743770568651146,0.09122062453583236,39.94419574737549,nan,nan,nan,nan,nan,nan,nan
215,0.3952208161354065,0.0015339667443186045,0.03837132081389427,0.3280330300331116,0.0,0.02728249877691269,0.16517414681757156,0.08943757839909752,40.123191356658936,nan,nan,nan,nan,nan,nan,nan
216,0.3966459333896637,0.0015307626454159617,0.03813348710536957,0.328046053647995,0.0,0.02893562987446785,0.17010476146912482,0.09480916967225488,40.31318521499634,nan,nan,nan,nan,nan,nan,nan
217,0.39521998167037964,0.0015282538952305913,0.03791198506951332,0.3280559182167053,0.0,0.027723833918571472,0.16650475644428742,0.08069944902486058,40.48918032646179,nan,nan,nan,nan,nan,nan,nan
218,0.3957996070384979,0.001527784508652985,0.03772301971912384,0.32804712653160095,0.0,0.028501659631729126,0.1688243454947453,0.09783865231393751,40.67717480659485,nan,nan,nan,nan,nan,nan,nan
219,0.39735355973243713,0.0015287472633644938,0.03759477660059929,0.32799699902534485,0.0,0.03023301437497139,0.17387643421398827,0.08608418023966477,40.87574648857117,nan,nan,nan,nan,nan,nan,nan
220,0.39452600479125977,0.0015307882567867637,0.0375567302107811,0.32789334654808044,0.0,0.027545150369405746,0.1659673171724052,0.0810881850369705,41.06516742706299,nan,nan,nan,nan,nan,nan,nan
221,0.39591342210769653,0.0015322249382734299,0.03746991232037544,0.32781800627708435,0.0,0.029093265533447266,0.17056748087911502,0.0894337894777165,41.25516152381897,nan,nan,nan,nan,nan,nan,nan
222,0.3952806293964386,0.0015327574219554663,0.03730619698762894,0.32778388261795044,0.0,0.028657803311944008,0.16928615806362907,0.08325832335025586,41.460155725479126,nan,nan,nan,nan,nan,nan,nan
223,0.3958871364593506,0.0015326550928875804,0.03707338124513626,0.32779207825660706,0.0,0.02948901616036892,0.17172366220288024,0.08420668700646002,41.63115119934082,nan,nan,nan,nan,nan,nan,nan
224,0.39145809412002563,0.0015325986314564943,0.03685872256755829,0.3277877867221832,0.0,0.025278985500335693,0.15899366496919207,0.07837036892024526,41.81014585494995,nan,nan,nan,nan,nan,nan,nan
225,0.39445561170578003,0.0015336624346673489,0.036723509430885315,0.32774102687835693,0.0,0.02845740132033825,0.16869321658068603,0.07534190719797405,42.01014041900635,nan,nan,nan,nan,nan,nan,nan
226,0.39520326256752014,0.0015356818912550807,0.036636024713516235,0.32767003774642944,0.0,0.029361529275774956,0.1713520623621874,0.07990423907314889,42.18513536453247,nan,nan,nan,nan,nan,nan,nan
227,0.39371395111083984,0.0015383794670924544,0.03653140366077423,0.3276119828224182,0.0,0.028032174333930016,0.16742811691567822,0.10088544367832764,42.366130352020264,nan,nan,nan,nan,nan,nan,nan
228,0.39141395688056946,0.0015407956670969725,0.0363665446639061,0.3275933563709259,0.0,0.025913281366229057,0.1609760273029157,0.08053376787867585,42.54612588882446,nan,nan,nan,nan,nan,nan,nan
229,0.3943856954574585,0.0015420503914356232,0.03612780198454857,0.32761818170547485,0.0,0.0290976632386446,0.1705803717859842,0.07802034193377595,42.71712017059326,nan,nan,nan,nan,nan,nan,nan
230,0.3930055499076843,0.001542895333841443,0.03584262728691101,0.3276733458042145,0.0,0.02794669196009636,0.1671726411829889,0.09651592847436176,42.90311527252197,nan,nan,nan,nan,nan,nan,nan
231,0.3939090073108673,0.0015455296961590648,0.03571436181664467,0.3276428282260895,0.0,0.029006270691752434,0.17031227404903157,0.08323455329374067,43.128108978271484,nan,nan,nan,nan,nan,nan,nan
232,0.39611536264419556,0.0015491098165512085,0.03568227216601372,0.32755881547927856,0.0,0.03132515773177147,0.17698914580214084,0.08010987630669696,43.31310319900513,nan,nan,nan,nan,nan,nan,nan
233,0.39345645904541016,0.001552182831801474,0.035566430538892746,0.3275240659713745,0.0,0.02881377562880516,0.1697462094681503,0.07765306795070528,43.5060977935791,nan,nan,nan,nan,nan,nan,nan
234,0.39208123087882996,0.0015535027487203479,0.035381022840738297,0.32752999663352966,0.0,0.027616696432232857,0.16618272001695258,0.09314398900137887,43.666093587875366,nan,nan,nan,nan,nan,nan,nan
235,0.3941303789615631,0.001556097879074514,0.035267557948827744,0.3274900019168854,0.0,0.02981671504676342,0.1726751720623536,0.07091968926403897,43.850088357925415,nan,nan,nan,nan,nan,nan,nan
236,0.39353376626968384,0.0015591552946716547,0.03517952188849449,0.3274390399456024,0.0,0.029356075450778008,0.17133614753103912,0.09986829125615956,44.03708267211914,nan,nan,nan,nan,nan,nan,nan
237,0.39263853430747986,0.0015609563561156392,0.03491532430052757,0.32748544216156006,0.0,0.028676804155111313,0.16934226925109783,0.07090486363451941,44.21107769012451,nan,nan,nan,nan,nan,nan,nan
238,0.39146435260772705,0.0015629398403689265,0.03463323041796684,0.3275417685508728,0.0,0.027726415544748306,0.1665125086735177,0.06972530772353443,44.403072357177734,nan,nan,nan,nan,nan,nan,nan
239,0.39140784740448,0.0015663764206692576,0.03443491831421852,0.32755109667778015,0.0,0.027855440974235535,0.16689949363085418,0.07635087483288903,44.568068742752075,nan,nan,nan,nan,nan,nan,nan
240,0.39298179745674133,0.0015704270917922258,0.03433997184038162,0.32750368118286133,0.0,0.02956773154437542,0.171952701474491,0.07054712432109211,44.73706293106079,nan,nan,nan,nan,nan,nan,nan
241,0.39039909839630127,0.0015750332968309522,0.034304071217775345,0.32742491364479065,0.0,0.027095092460513115,0.16460587006699706,0.08951280332944005,44.92905855178833,nan,nan,nan,nan,nan,nan,nan
242,0.3913729190826416,0.0015806526644155383,0.03422323986887932,0.32737278938293457,0.0,0.02819623425602913,0.16791734352361917,0.0663693317560856,45.09405279159546,nan,nan,nan,nan,nan,nan,nan
243,0.392419695854187,0.0015874175587669015,0.03415711224079132,0.327312171459198,0.0,0.02936302125453949,0.17135641585461422,0.06370903466991562,45.27904772758484,nan,nan,nan,nan,nan,nan,nan
244,0.3924090564250946,0.0015951328678056598,0.03408772498369217,0.3272517919540405,0.0,0.0294744074344635,0.17168112136884328,0.0766822248283429,45.453043699264526,nan,nan,nan,nan,nan,nan,nan
245,0.3900594711303711,0.001603913027793169,0.03395896404981613,0.32722124457359314,0.0,0.027275366708636284,0.1651525558646801,0.0643208884241913,45.6320378780365,nan,nan,nan,nan,nan,nan,nan
246,0.39026445150375366,0.0016128873685374856,0.03383813053369522,0.3271888494491577,0.0,0.027624566107988358,0.16620639611034335,0.06392975564020702,45.82303309440613,nan,nan,nan,nan,nan,nan,nan
247,0.390900582075119,0.0016216643853113055,0.03370491787791252,0.3271641135215759,0.0,0.028409894555807114,0.16855234960037524,0.06605334787879491,45.99702835083008,nan,nan,nan,nan,nan,nan,nan
248,0.38960570096969604,0.0016298324335366488,0.033614400774240494,0.3271208703517914,0.0,0.027240600436925888,0.1650472672810001,0.06627918344345728,46.18802309036255,nan,nan,nan,nan,nan,nan,nan
249,0.3890732228755951,0.0016377830179408193,0.03354615345597267,0.3270653188228607,0.0,0.02682395651936531,0.16378020795983045,0.06764795616328594,46.36601710319519,nan,nan,nan,nan,nan,nan,nan
250,0.39191552996635437,0.001645986340008676,0.03352707624435425,0.32698696851730347,0.0,0.02975551411509514,0.1724978669870881,0.08714134176358218,46.52401280403137,nan,nan,nan,nan,nan,nan,nan
251,0.3894648849964142,0.0016534808091819286,0.03339289873838425,0.3269655108451843,0.0,0.02745300903916359,0.16568949586248244,0.08081288839995433,46.6812162399292,nan,nan,nan,nan,nan,nan,nan
252,0.3907715380191803,0.0016599433729425073,0.03317565098404884,0.3269864320755005,0.0,0.028949489817023277,0.17014549602332493,0.05966721755103883,46.85021162033081,nan,nan,nan,nan,nan,nan,nan
253,0.3885688781738281,0.0016665547154843807,0.032981257885694504,0.3269980549812317,0.0,0.02692299522459507,0.16408228187283072,0.08308469041480526,47.040446758270264,nan,nan,nan,nan,nan,nan,nan
254,0.3876246213912964,0.0016738885315135121,0.03291846811771393,0.3269432485103607,0.0,0.0260890144854784,0.16152094132179395,0.06546363207608713,47.2164421081543,nan,nan,nan,nan,nan,nan,nan
255,0.393390417098999,0.0016809755470603704,0.032835569232702255,0.32689961791038513,0.0,0.031974270939826965,0.17881350882924635,0.06015806801586672,47.39243721961975,nan,nan,nan,nan,nan,nan,nan
256,0.38966768980026245,0.0016876388108357787,0.03274852782487869,0.3268603980541229,0.0,0.028371136635541916,0.16843733741525932,0.06683531197991163,47.57343149185181,nan,nan,nan,nan,nan,nan,nan
257,0.39063525199890137,0.0016939070774242282,0.03263578563928604,0.32683730125427246,0.0,0.02946825884282589,0.17166321342333624,0.06607569112094543,47.747426986694336,nan,nan,nan,nan,nan,nan,nan
258,0.3914732038974762,0.0017004291294142604,0.03248815983533859,0.3268316090106964,0.0,0.030452987179160118,0.17450784274398706,0.08842104051833193,47.911423206329346,nan,nan,nan,nan,nan,nan,nan
259,0.39008980989456177,0.0017065845895558596,0.03234798461198807,0.3268250823020935,0.0,0.029210146516561508,0.17090976132614985,0.06757739827206757,48.109872579574585,nan,nan,nan,nan,nan,nan,nan
260,0.39184367656707764,0.0017128873150795698,0.03226574882864952,0.326790452003479,0.0,0.03107457607984543,0.17627982323523425,0.09948469481999381,48.2978675365448,nan,nan,nan,nan,nan,nan,nan
261,0.3890521824359894,0.0017190619837492704,0.03201322257518768,0.3268434405326843,0.0,0.028476446866989136,0.1687496573833237,0.07302092064995826,48.47868227958679,nan,nan,nan,nan,nan,nan,nan
262,0.38865378499031067,0.001725467387586832,0.03187563642859459,0.3268379271030426,0.0,0.028214745223522186,0.16797245376406866,0.06585230673480863,48.64667749404907,nan,nan,nan,nan,nan,nan,nan
263,0.39066803455352783,0.0017319233156740665,0.031809065490961075,0.32679563760757446,0.0,0.030331389978528023,0.1741590938726084,0.08923007184935572,48.82667326927185,nan,nan,nan,nan,nan,nan,nan
264,0.38920462131500244,0.0017387396655976772,0.03186885640025139,0.3266910910606384,0.0,0.028905941173434258,0.17001747314153995,0.07136940554290579,49.013667345047,nan,nan,nan,nan,nan,nan,nan
265,0.38815730810165405,0.001746600610204041,0.031861912459135056,0.3266189992427826,0.0,0.027929769828915596,0.16712202077798005,0.06896959836145439,49.220661640167236,nan,nan,nan,nan,nan,nan,nan
266,0.3869885206222534,0.0017552169738337398,0.03178342059254646,0.3265817165374756,0.0,0.026868170127272606,0.163915130867387,0.07970513643617429,49.41165637969971,nan,nan,nan,nan,nan,nan,nan
267,0.38991788029670715,0.0017651228699833155,0.03160420432686806,0.3265879452228546,0.0,0.029960598796606064,0.17309130190915448,0.06017595091008329,49.582650899887085,nan,nan,nan,nan,nan,nan,nan
268,0.389435350894928,0.0017757827881723642,0.03140605613589287,0.32660120725631714,0.0,0.029652295634150505,0.17219841937181218,0.06392700375072624,49.744646310806274,nan,nan,nan,nan,nan,nan,nan
269,0.38635683059692383,0.0017865486443042755,0.031232424080371857,0.32660403847694397,0.0,0.026733815670013428,0.16350478791158818,0.10595783727155154,49.925641775131226,nan,nan,nan,nan,nan,nan,nan
270,0.3875632584095001,0.0017961859703063965,0.03122558258473873,0.3265262842178345,0.0,0.02801518514752388,0.167377373463452,0.07240971698910097,50.11763596534729,nan,nan,nan,nan,nan,nan,nan
271,0.38775551319122314,0.0018045270116999745,0.03131302073597908,0.3264036774635315,0.0,0.028234301134943962,0.16803065534283904,0.05503640793638177,50.30663061141968,nan,nan,nan,nan,nan,nan,nan
272,0.38799795508384705,0.00181365548633039,0.031352508813142776,0.3263052999973297,0.0,0.02852649614214897,0.16889788673085573,0.0901906584650185,50.48262548446655,nan,nan,nan,nan,nan,nan,nan
273,0.3849201798439026,0.001822927501052618,0.031233662739396095,0.3262815475463867,0.0,0.02558205835521221,0.15994392253290593,0.07151518960378007,50.65262222290039,nan,nan,nan,nan,nan,nan,nan
274,0.38726168870925903,0.0018318507354706526,0.03102397546172142,0.32630494236946106,0.0,0.028100913390517235,0.16763327053576577,0.06678151631830452,50.81961631774902,nan,nan,nan,nan,nan,nan,nan
275,0.38669687509536743,0.0018399488180875778,0.030867677181959152,0.32630276679992676,0.0,0.027686478570103645,0.1663925436132991,0.08035170300517418,50.99217510223389,nan,nan,nan,nan,nan,nan,nan
276,0.386430948972702,0.0018473407253623009,0.030835751444101334,0.3262377381324768,0.0,0.027510104700922966,0.16586170353919244,0.06772363773499485,51.163169622421265,nan,nan,nan,nan,nan,nan,nan
277,0.38723012804985046,0.001853984547778964,0.030891336500644684,0.3261311650276184,0.0,0.0283536184579134,0.1683853273237113,0.07153841100181976,51.338165044784546,nan,nan,nan,nan,nan,nan,nan
278,0.3868942856788635,0.0018611977575346828,0.03082761913537979,0.3260819613933563,0.0,0.02812349796295166,0.16770062004343234,0.09391943321482807,51.49616026878357,nan,nan,nan,nan,nan,nan,nan
279,0.38657891750335693,0.0018698804778978229,0.03059868887066841,0.32610729336738586,0.0,0.028003055602312088,0.16734113541598816,0.08295425014106275,51.66415572166443,nan,nan,nan,nan,nan,nan,nan
280,0.38629141449928284,0.001878097071312368,0.03049110807478428,0.32607874274253845,0.0,0.027843471616506577,0.1668636317970653,0.06058782605257793,51.84115028381348,nan,nan,nan,nan,nan,nan,nan
281,0.38604846596717834,0.0018856067908927798,0.030442729592323303,0.32602113485336304,0.0,0.027698993682861328,0.16643014655662997,0.05876236861781055,52.018146276474,nan,nan,nan,nan,nan,nan,nan
282,0.38620778918266296,0.0018936472479254007,0.030435383319854736,0.3259432017803192,0.0,0.027935562655329704,0.1671393510078632,0.051767480565476524,52.19514036178589,nan,nan,nan,nan,nan,nan,nan
283,0.38604599237442017,0.0019018541788682342,0.030425677075982094,0.32586726546287537,0.0,0.027851196005940437,0.1668867760067898,0.08755181143842679,52.37613558769226,nan,nan,nan,nan,nan,nan,nan
284,0.3875274360179901,0.0019109310815110803,0.03026667982339859,0.325858473777771,0.0,0.029491333290934563,0.17173040875434542,0.05234057656094534,52.530131578445435,nan,nan,nan,nan,nan,nan,nan
285,0.3846334218978882,0.0019200266106054187,0.030115915462374687,0.32584652304649353,0.0,0.0267509575933218,0.16355719975996716,0.05122929793402096,52.679126501083374,nan,nan,nan,nan,nan,nan,nan
286,0.3851338326931,0.001929192105308175,0.02999735251069069,0.3258195221424103,0.0,0.02738775685429573,0.16549246766634346,0.07630736971890541,52.842122077941895,nan,nan,nan,nan,nan,nan,nan
287,0.3878020942211151,0.0019377234857529402,0.030009480193257332,0.3257310092449188,0.0,0.0301238801330328,0.17356232348362013,0.07279959116965273,53.0111186504364,nan,nan,nan,nan,nan,nan,nan
288,0.3851490616798401,0.0019469077233225107,0.030009882524609566,0.3256475329399109,0.0,0.02754472941160202,0.16596604897268002,0.07727731545247132,53.174113750457764,nan,nan,nan,nan,nan,nan,nan
289,0.3850439190864563,0.0019568572752177715,0.029945582151412964,0.3255940079689026,0.0,0.02754746377468109,0.16597428648643467,0.08069786832105395,53.34610939025879,nan,nan,nan,nan,nan,nan,nan
290,0.3853752613067627,0.0019682063721120358,0.029769355431199074,0.32558953762054443,0.0,0.02804815024137497,0.1674758198707353,0.05267288551518782,53.50910758972168,nan,nan,nan,nan,nan,nan,nan
291,0.3853496015071869,0.001978970831260085,0.029644442722201347,0.32556381821632385,0.0,0.028162365779280663,0.1678164645655505,0.08505878339181022,53.69610524177551,nan,nan,nan,nan,nan,nan,nan
292,0.38420116901397705,0.0019878707826137543,0.029630571603775024,0.32548895478248596,0.0,0.027093783020973206,0.16460189251941548,0.08618220329621451,53.878103256225586,nan,nan,nan,nan,nan,nan,nan
293,0.38486409187316895,0.0019963299855589867,0.02975180372595787,0.32535359263420105,0.0,0.027762357145547867,0.16662039834770492,0.08514871020821704,54.05410099029541,nan,nan,nan,nan,nan,nan,nan
294,0.3858926594257355,0.0020064206328243017,0.029786288738250732,0.3252556025981903,0.0,0.028844354674220085,0.16983625842033875,0.10329600423895897,54.243098974227905,nan,nan,nan,nan,nan,nan,nan
295,0.38516366481781006,0.002017553197219968,0.02962661162018776,0.32524004578590393,0.0,0.02827945537865162,0.1681649647776005,0.061065306553559094,54.42509722709656,nan,nan,nan,nan,nan,nan,nan
296,0.3828955888748169,0.0020285460632294416,0.029444482177495956,0.3252364993095398,0.0,0.026186060160398483,0.1618210745249162,0.051257591573969134,54.61609387397766,nan,nan,nan,nan,nan,nan,nan
297,0.38565459847450256,0.002039097947999835,0.02931046485900879,0.32521334290504456,0.0,0.029091687873005867,0.17056285607659677,0.0607239396258135,54.78409242630005,nan,nan,nan,nan,nan,nan,nan
298,0.38530680537223816,0.002048943191766739,0.029205158352851868,0.3251796364784241,0.0,0.028873059898614883,0.16992074593355247,0.0935918942625773,54.966089725494385,nan,nan,nan,nan,nan,nan,nan
299,0.3852895200252533,0.002056672004982829,0.02926621027290821,0.325068861246109,0.0,0.02889779396355152,0.16999351153368036,0.05996747743770614,55.15008735656738,nan,nan,nan,nan,nan,nan,nan
300,0.3850996494293213,0.002064319560304284,0.029384208843111992,0.3249360918998718,0.0,0.028715010732412338,0.1694550404455776,0.08633070358552128,55.316086530685425,nan,nan,nan,nan,nan,nan,nan
301,0.3852512538433075,0.0020739559549838305,0.029369864612817764,0.32485824823379517,0.0,0.028949163854122162,0.17014453812603614,0.06433613503591717,55.50108361244202,nan,nan,nan,nan,nan,nan,nan
302,0.3828209936618805,0.002085022861137986,0.029270248487591743,0.3248128592967987,0.0,0.026652874425053596,0.16325708078075388,0.06136911490491409,55.661081314086914,nan,nan,nan,nan,nan,nan,nan
303,0.38526803255081177,0.0020952897612005472,0.029169246554374695,0.3247707188129425,0.0,0.029232781380414963,0.170975967259773,0.0550283262499061,55.81707978248596,nan,nan,nan,nan,nan,nan,nan
304,0.3834823966026306,0.0021062458399683237,0.029034020379185677,0.3247424066066742,0.0,0.027599722146987915,0.16613164101695954,0.061461020350042916,55.97807741165161,nan,nan,nan,nan,nan,nan,nan
305,0.3831987679004669,0.0021161334589123726,0.02897418662905693,0.324678897857666,0.0,0.02742956019937992,0.16561871935074224,0.08924924670861777,56.14507555961609,nan,nan,nan,nan,nan,nan,nan
